observation_id,source,source_type,collector,collected_at,origin_airport,destination_airport,travel_date,booking_date,lead_time_days,carrier,operating_carrier,flight_number,departure_time,arrival_time,cabin_class,fare_brand,fare_class,base_fare,taxes,airport_fee,udf,convenience_fee,other_fee,total_fare,currency,refundable,baggage_allowance,seat_or_fare_availability,extraction_confidence,raw_record_hash,parser_version,is_simulated,duplicate_key
6bf30b74-d560-40d9-9951-9fcef58f6f4a,EaseMyTrip,ota,playwright_network,2026-09-20T07:09:34.968293Z,DEL,BOM,2026-09-27,2026-09-20,7,IX,,IX1165,05:45:00,11:05:00,ECONOMY,OTA_LISTED,,,,,,,,6245.00,INR,,,available,0.97,3c9afcf8d48cf11f8980c4417c1a67d4d54c8f4b2116728bfe55c46e3bf028ed,1.0.0,False,19fef52cd75338eae1a799830559f1ac12bcac18cfed418013684de6b9339ffb
5796cec5-7608-46ee-8592-eb8b87ccddd5,EaseMyTrip,ota,playwright_network,2026-09-20T07:09:34.968293Z,DEL,BOM,2026-09-27,2026-09-20,7,IX,,IX1235,23:25:00,01:50:00,ECONOMY,OTA_LISTED,,,,,,,,6529.00,INR,,,available,0.97,bda61f997c6a6c2d7a8177d91cd2cc71bd787cf116159d874630ec064d1b8f0d,1.0.0,False,978f9dd107ff6f9d9f463b70cb88ba27973806fd241fb48ad8cad8ae492c4275
e727e902-f657-41d9-b93f-c1157f876f83,EaseMyTrip,ota,playwright_network,2026-09-20T07:09:34.968293Z,DEL,BOM,2026-09-27,2026-09-20,7,IX,,IX1056,05:35:00,08:05:00,ECONOMY,OTA_LISTED,,,,,,,,6529.00,INR,,,available,0.97,772bea24b7c95ef52692c4d481b7fd1d903a243d03da7f7a8abb9c83cd73bb23,1.0.0,False,7f6294358233dcb6e6a7cd9ba99c722c2be8bbbf4aaeb15e75e74781db3a90ab
b41de494-f1b9-46c0-8624-c939b20bb80d,EaseMyTrip,ota,playwright_network,2026-09-20T07:09:34.968293Z,DEL,BOM,2026-09-27,2026-09-20,7,IX,,IX1392,23:25:00,11:05:00,ECONOMY,OTA_LISTED,,,,,,,,6611.00,INR,,,available,0.97,82e78f69476a448215311ad907f77fab5545122e463f2c38bf716fa1446548f0,1.0.0,False,c8f5acadceb488823448efaa966c3dc0bb3f449e65c7e701178f7debaae0d38d
28be434b-4ed7-480b-b84a-87b1f99843db,EaseMyTrip,ota,playwright_network,2026-09-20T07:09:34.968293Z,DEL,BOM,2026-09-27,2026-09-20,7,QP,,QP1110,10:30:00,12:45:00,ECONOMY,OTA_LISTED,,,,,,,,6530.00,INR,,,available,0.97,597d3d6f378276c0cb91e53491e03375291846ee359a0c9e233190386c668ac3,1.0.0,False,f22241ce5835265380c3b63549d144ecba55a8e01f541870cb673991ebf2b87f
c3ae6cf0-07d2-4c9c-a592-6760f2dbcb8d,EaseMyTrip,ota,playwright_network,2026-09-20T07:09:34.968293Z,DEL,BOM,2026-09-27,2026-09-20,7,6E,,6E6218,06:05:00,08:20:00,ECONOMY,OTA_LISTED,,,,,,,,6530.00,INR,,,available,0.97,3e44d6773e4a38e242456ab7a7f23065548e5690228c7d27f3ee7261182f456e,1.0.0,False,ba4f8b1056c29612b9ed159fbb2ec224f85653296ef0e1a0c0726f74c6a555c7
3da64e22-37a1-48c2-afa6-5647bc09d659,EaseMyTrip,ota,playwright_network,2026-09-20T07:09:34.968293Z,DEL,BOM,2026-09-27,2026-09-20,7,6E,,6E322,23:30:00,01:45:00,ECONOMY,OTA_LISTED,,,,,,,,6530.00,INR,,,available,0.97,83debbeeafcfbb0c101148fb7649dbb8a18c620236cf604aff826461b0a79016,1.0.0,False,444a6f855723ee2e70c77d1aa1f844dab35685681a19dc996c18b273a144389b
7021e729-8ffb-49d0-8ed0-74454ba79a24,EaseMyTrip,ota,playwright_network,2026-09-20T07:09:34.968293Z,DEL,BOM,2026-09-27,2026-09-20,7,6E,,6E675,08:45:00,11:00:00,ECONOMY,OTA_LISTED,,,,,,,,6530.00,INR,,,available,0.97,f681d09dd9f9a8b931474e8ac5d6866afebd03d71db67c4737ee35102b8cd96d,1.0.0,False,a52c9f76f44c18564a659f8d177a192414070e0de5c7e0e6fe67612f5fbeeb6f
3480c13f-0bb0-414a-a131-3d6e9852635d,EaseMyTrip,ota,playwright_network,2026-09-20T07:09:34.968293Z,DEL,BOM,2026-09-27,2026-09-20,7,6E,,6E6047,11:00:00,13:15:00,ECONOMY,OTA_LISTED,,,,,,,,6530.00,INR,,,available,0.97,a3768f1479bd7a333586fed5c205f73fc62a30df6c2ab0b56c1386ed6c09dbc3,1.0.0,False,abdb8b0408d33e75e2a006afd108d6f3d5032c6ab93219e7b3e029e90f1b58fb
fd3489ec-1a07-460f-b28f-4eb37a75831c,EaseMyTrip,ota,playwright_network,2026-09-20T07:09:34.969289Z,DEL,BOM,2026-09-27,2026-09-20,7,QP,,QP1833,06:50:00,09:10:00,ECONOMY,OTA_LISTED,,,,,,,,6530.00,INR,,,available,0.97,b821559d5a084a7eb4b2ab226f5e8c4f728fda05371ace5b57772e8c503bdb27,1.0.0,False,2a64db18489fbfc9af1571469a8c4cd7001e95941bfd66f64b1f27d63be21954
59efb187-1e86-4f82-9d8b-f58baee7b164,EaseMyTrip,ota,playwright_network,2026-09-20T07:09:34.969289Z,DEL,BOM,2026-09-27,2026-09-20,7,QP,,QP1112,09:20:00,11:40:00,ECONOMY,OTA_LISTED,,,,,,,,6530.00,INR,,,available,0.97,4e0f4c26fece0e074514c8a6cf82fc82d4b2c4277199ec342d0c479a6cf9c40b,1.0.0,False,2ab5fe3cda72b9e476996a02000c52e1361bac9961402907d2c77787c7775c63
b4ef60b7-f679-406f-acf5-100aad7cc43d,EaseMyTrip,ota,playwright_network,2026-09-20T07:09:34.969289Z,DEL,BOM,2026-09-27,2026-09-20,7,6E,,6E6114,22:45:00,01:05:00,ECONOMY,OTA_LISTED,,,,,,,,6530.00,INR,,,available,0.97,a84c926e74fe3956cfe7eaf76b9602afe9627884a0eea06508e46639cde9cb11,1.0.0,False,25705c2d882a5555a45054e09c48c98bcb15cb245d8439f63037c2473b8de847
50d98c4f-70f6-4084-ae12-b72f9e4182fb,EaseMyTrip,ota,playwright_network,2026-09-20T07:09:34.969289Z,DEL,BOM,2026-09-27,2026-09-20,7,6E,,6E320,08:00:00,10:20:00,ECONOMY,OTA_LISTED,,,,,,,,6530.00,INR,,,available,0.97,88be30f6b0276b06c3cd8419e93fa6ddad5b93fbb141b28c04c1335d580787a4,1.0.0,False,d18e3942341c28bf31db905474664ac285a07135665dfd354f1d1cf844e0204c
e8b9c10f-1bec-4657-8947-603717f4857d,EaseMyTrip,ota,playwright_network,2026-09-20T07:09:34.969289Z,DEL,BOM,2026-09-27,2026-09-20,7,6E,,6E6328,10:15:00,12:35:00,ECONOMY,OTA_LISTED,,,,,,,,6530.00,INR,,,available,0.97,9ab97328005a9837ed1acbd4ab54e0f51146dd21977c18ed05941618d2d02c19,1.0.0,False,9ea265ea9e38bc0a80b52179a86c9214737ee8492fe81fa4f79fdd300eb9b490
48ecfae8-5987-45cc-a621-d87241a41aba,EaseMyTrip,ota,playwright_network,2026-09-20T07:09:34.969289Z,DEL,BOM,2026-09-27,2026-09-20,7,AI,,AI1745,05:00:00,07:20:00,ECONOMY,OTA_LISTED,,,,,,,,6730.00,INR,,,available,0.97,5b3708dd68ecd5ff58f06b7acead4f0b8e1877d2aaa6250916b716f50eadf412,1.0.0,False,282143e89bc8667f84d24f7fdcbf524d2b6fb8cae96862674aeb070c32b57914
f796fea4-f82d-4916-9425-649ded5bbccd,EaseMyTrip,ota,playwright_network,2026-09-20T07:09:34.969289Z,DEL,BOM,2026-09-27,2026-09-20,7,QP,,QP1119,08:40:00,11:05:00,ECONOMY,OTA_LISTED,,,,,,,,6530.00,INR,,,available,0.97,52288ebd207d0cdb7e50a0338031fc5db2a19ba42495ef72eac8bdab09defa64,1.0.0,False,05ed82c99ff0c45b9cb530b638611b162d2b5e8ab01671f325d17030778536c0
ebadd91d-3a65-4ce1-83f4-7a66923b6328,EaseMyTrip,ota,playwright_network,2026-09-20T07:09:34.969289Z,DEL,BOM,2026-09-27,2026-09-20,7,QP,,QP1836,12:30:00,14:55:00,ECONOMY,OTA_LISTED,,,,,,,,6530.00,INR,,,available,0.97,4f3a44f8c15ca12a8ecbfa24e47a9975b19ea455e22091ed96b62921e984a607,1.0.0,False,9957f72872fbbe6039c3d9d98c1119a21b12a37baa48bf7119b4cd6add3ed0c8
a743f236-20f0-4614-a0eb-32273460c6a0,EaseMyTrip,ota,playwright_network,2026-09-20T07:09:34.969289Z,DEL,BOM,2026-09-27,2026-09-20,7,6E,,6E6107,09:30:00,11:55:00,ECONOMY,OTA_LISTED,,,,,,,,6530.00,INR,,,available,0.97,dae0d2e3cb6d20f22d708f20872824673d59e9b244cfa1e7b7fcf98534f98d01,1.0.0,False,3b5cdc1b2fd159409dd65c9acad1eba319d73829c3c6c41a30eced67fc0a35b5
98babdbc-08d8-4a82-a008-6b099ff9ef42,EaseMyTrip,ota,playwright_network,2026-09-20T07:09:34.969289Z,DEL,BOM,2026-09-27,2026-09-20,7,6E,,6E6022,14:00:00,16:25:00,ECONOMY,OTA_LISTED,,,,,,,,6530.00,INR,,,available,0.97,f0e461553fa0da8258059e396e79fd79443d4951eeb139ba0beea9040bedfc04,1.0.0,False,92f05463ead3e3543173ed022c0360d5ce4e6133e558091dc9f703068a5dda7a
a13fccd1-05f5-4cd1-955e-3ac2e8f3eeef,EaseMyTrip,ota,playwright_network,2026-09-20T07:09:34.969289Z,DEL,BOM,2026-09-27,2026-09-20,7,AI,,AI2439,23:00:00,01:25:00,ECONOMY,OTA_LISTED,,,,,,,,6730.00,INR,,,available,0.97,18b3bad42f173691ec3f06b20f5c1286d5f9efe2141df474c5dda20bf41ca5b9,1.0.0,False,a45d464278acae3d60aa11abf6629907f514748f675176bdd8e53f6add3f5a71
fcbfc4c7-aa43-483f-8da9-a772658352f3,EaseMyTrip,ota,playwright_network,2026-09-20T07:09:34.969289Z,DEL,BOM,2026-09-27,2026-09-20,7,AI,,AI2678,08:30:00,10:45:00,ECONOMY,OTA_LISTED,,,,,,,,6843.00,INR,,,available,0.97,0b5d6e4489c9480dc9fabf3f683c2aa8436de66d8ee3c3d5036b812191941845,1.0.0,False,7bca757e5e7600f9044e39f2ef57b7d0fe3dc90ef038abc4863e4141a7570bff
f72ba4e0-7f21-4bef-bf07-0119345e25b3,EaseMyTrip,ota,playwright_network,2026-09-20T07:09:34.969289Z,DEL,BOM,2026-09-27,2026-09-20,7,AI,,AI2963,09:00:00,11:15:00,ECONOMY,OTA_LISTED,,,,,,,,6843.00,INR,,,available,0.97,3c62896e04fb68a9f2cc8f383505b624a07c165e219040eb1986b8e62c71f3a0,1.0.0,False,e34255aefdb5a76f1e29696d1ebc2ee487cdb274bb34a2deed4e848c953c8aaf
d094aff8-06c7-4e00-bbdf-f683db04acc3,EaseMyTrip,ota,playwright_network,2026-09-20T07:09:34.969289Z,DEL,BOM,2026-09-27,2026-09-20,7,AI,,AI2975,06:30:00,08:50:00,ECONOMY,OTA_LISTED,,,,,,,,6843.00,INR,,,available,0.97,7bfe01f545d6f5ed4a421433cbe4546679faad3c3c62698472ecc21c605564f8,1.0.0,False,80c1934c21acf031816aa616b979ff52740b5ecb578729695796cc30ec1f7c3f
75d6ea6f-cc9b-4853-94f3-14eeed9ea2d9,EaseMyTrip,ota,playwright_network,2026-09-20T07:09:34.969289Z,DEL,BOM,2026-09-27,2026-09-20,7,AI,,AI2429,07:00:00,09:25:00,ECONOMY,OTA_LISTED,,,,,,,,6843.00,INR,,,available,0.97,e7b392ed6f81ffffd559cd290e16cde89e54552db0f9c4a75ccae0506e7b1b3d,1.0.0,False,87f6cf034e38a8a60ff9aae56b1eb48aeec5b86ddb0ce191638ef0cda5bbf178
f31358b4-ee40-4f2d-8ac1-1de51fcf7e7b,EaseMyTrip,ota,playwright_network,2026-09-20T07:09:34.969289Z,DEL,BOM,2026-09-27,2026-09-20,7,AI,,AI2945,11:00:00,13:25:00,ECONOMY,OTA_LISTED,,,,,,,,6843.00,INR,,,available,0.97,b2706bd7d18fa10724373cb60412e72deae660c43f287a97fec8b4f04d3b860d,1.0.0,False,94f588e7640e5ebab521129269fbda96347f78ff5b5a016e56e4879d91602a6e
aba6f452-3d43-4479-a0ec-3171b83d4b4e,EaseMyTrip,ota,playwright_network,2026-09-20T07:09:34.969289Z,DEL,BOM,2026-09-27,2026-09-20,7,AI,,AI2927,09:30:00,12:00:00,ECONOMY,OTA_LISTED,,,,,,,,6843.00,INR,,,available,0.97,639cf51fd1c590a86d2fee44bca79f0f23a7973529c4fdc3c313c0198090dcab,1.0.0,False,e06a51a032003e889ac16b5e23920d2aa2622fef32a47ea3cc85cc05ca21f575
c092dc10-568a-4d0d-98a0-4b64aacbbff1,EaseMyTrip,ota,playwright_network,2026-09-20T07:09:34.969289Z,DEL,BOM,2026-09-27,2026-09-20,7,6E,,6E324,13:00:00,15:10:00,ECONOMY,OTA_LISTED,,,,,,,,6688.00,INR,,,available,0.97,e7c351be5a3fdea2c4f83d653a3c198ffc963b2567f55519bc42a03c93284932,1.0.0,False,22ab9bf9e7340b88b634110d505230a92978c4e5527f904695e4bab1863f0de5
03c60706-a9f9-4353-bec5-09b31b30d415,EaseMyTrip,ota,playwright_network,2026-09-20T07:09:34.969289Z,DEL,BOM,2026-09-27,2026-09-20,7,6E,,6E6676,12:00:00,14:15:00,ECONOMY,OTA_LISTED,,,,,,,,6688.00,INR,,,available,0.97,c8d39ceb2030567e1b06809eaffd9dc6655071a736b725bfd6bb1589c874db60,1.0.0,False,8f4858ec2cff72430834c337383e935a0c6b90d94f5da8646246c3916d8649f0
49e12db3-679e-444d-9589-5c24bb3266d0,EaseMyTrip,ota,playwright_network,2026-09-20T07:09:34.969289Z,DEL,BOM,2026-09-27,2026-09-20,7,AI,,AI2943,07:30:00,09:55:00,ECONOMY,OTA_LISTED,,,,,,,,7001.00,INR,,,available,0.97,55bf4809d2554087764da2689b15fc944345b5b9eebaa03390ffc436d52fc8ca,1.0.0,False,3a4a983d69a8da104378df4ac14aa9ff51e5b3f56036849ef17cb020b0565f77
821a5624-1095-4519-93b9-eb4c9b1232a1,EaseMyTrip,ota,playwright_network,2026-09-20T07:09:34.970327Z,DEL,BOM,2026-09-27,2026-09-20,7,AI,,AI1785,12:00:00,14:25:00,ECONOMY,OTA_LISTED,,,,,,,,7001.00,INR,,,available,0.97,2d7945c7ecc90b404ad47361b111e938e281776d74d635d4188908a06cbc3326,1.0.0,False,1c983425eeb3378ab95103551931003701f2a445965f1300804d89685a91514f
75abb1a0-c71e-421f-87e5-1107a15e957c,EaseMyTrip,ota,playwright_network,2026-09-20T07:09:34.970327Z,DEL,BOM,2026-09-27,2026-09-20,7,6E,,6E864,15:30:00,17:45:00,ECONOMY,OTA_LISTED,,,,,,,,6898.00,INR,,,available,0.97,e681dde2b87b84562da916617571affe1781febc1153f9ae20bbc0d00e8341a2,1.0.0,False,2174d3aa603634c760df8b978f3c3ad3b2ad88a6f21491404819b110ee21be42
87184507-ca82-4ba8-9361-70e0a110246f,EaseMyTrip,ota,playwright_network,2026-09-20T07:09:34.970327Z,DEL,BOM,2026-09-27,2026-09-20,7,6E,,6E6318,14:45:00,17:00:00,ECONOMY,OTA_LISTED,,,,,,,,6898.00,INR,,,available,0.97,47210ee6e3596543d4a0e72c76c67a0b3642268e207162b4d4608cadc4bd8cc9,1.0.0,False,f3b232db02144b3fad94b29b4fd219f8e009e4aa93d58fed49a7aa9e1b2fddc3
16b40a8d-992b-45ee-90c2-05e22bf30a48,EaseMyTrip,ota,playwright_network,2026-09-20T07:09:34.970327Z,DEL,BOM,2026-09-27,2026-09-20,7,6E,,6E5014,18:30:00,22:25:00,ECONOMY,OTA_LISTED,,,,,,,,7120.00,INR,,,available,0.97,0ea3aea4594ac6633851675d3776d51496fe7b71bc2fa4f255a0651eff241da9,1.0.0,False,1fc3ebb0d672c12e3f196253442e1aedc5f3a38e876876ea382db59abedad30d
2bb4347a-84aa-4eea-8212-c7984e4d734d,EaseMyTrip,ota,playwright_network,2026-09-20T07:09:34.970327Z,DEL,BOM,2026-09-27,2026-09-20,7,6E,,6E5119,05:10:00,09:35:00,ECONOMY,OTA_LISTED,,,,,,,,7120.00,INR,,,available,0.97,c3c6f333e575d7bb4c06f7fce4ca9d38f185d5dd58e06d8e84d0060d9672bb28,1.0.0,False,5f52d93e635b43eccbc8991485387ed2b56581924d0146e81f3a4698d0b3b572
c4f4a625-d49b-4710-b6ff-34f4c3058f82,EaseMyTrip,ota,playwright_network,2026-09-20T07:09:34.970327Z,DEL,BOM,2026-09-27,2026-09-20,7,6E,,6E6171,05:40:00,10:25:00,ECONOMY,OTA_LISTED,,,,,,,,7120.00,INR,,,available,0.97,0b86cd51d79bb3a1c671a92df2b013666dea2edc5b586d5f0ce2485b96ea779b,1.0.0,False,59ed89d15568fb02f0c350410773f31631c1a0b18056ad1adcc468682094f693
c099c659-adee-431b-a50d-42a2e19b8551,EaseMyTrip,ota,playwright_network,2026-09-20T07:09:34.970327Z,DEL,BOM,2026-09-27,2026-09-20,7,6E,,6E2076,07:30:00,12:20:00,ECONOMY,OTA_LISTED,,,,,,,,7120.00,INR,,,available,0.97,8d8229480c3644548fe7750d9bcbb61fe681c48ecc72aa62836b3b5adf1d15ab,1.0.0,False,b0f68fe6a73c75122007a027d215fd2beb006e6fa3c06580d0faaf2ca585eb09
3153bcbf-c76b-4c11-87bb-74122c4f0533,EaseMyTrip,ota,playwright_network,2026-09-20T07:09:34.970327Z,DEL,BOM,2026-09-27,2026-09-20,7,6E,,6E931,19:35:00,00:30:00,ECONOMY,OTA_LISTED,,,,,,,,7120.00,INR,,,available,0.97,7fe4d5b9519304651318a3ae7bc5bd00c6bbb4470ad9c8612f376c8a82c7934e,1.0.0,False,643964f217ee17d6fe3913f13514c17864e32daa23e56fae6b0aa0a68cfef83c
10bf1f5f-669a-464c-89a7-299a1b698972,EaseMyTrip,ota,playwright_network,2026-09-20T07:09:34.970327Z,DEL,BOM,2026-09-27,2026-09-20,7,6E,,6E2013,21:50:00,02:55:00,ECONOMY,OTA_LISTED,,,,,,,,7120.00,INR,,,available,0.97,b3a23435488bc6d7246965d5c172d022050f1d1d5edaafff0662e69faf8a17db,1.0.0,False,6255add55fcf5570fd12c70dcae57be4e3c09358a647f9b8e92a69de5990c83e
b72c8233-bbfa-4273-bef0-dffc43fe1143,EaseMyTrip,ota,playwright_network,2026-09-20T07:09:34.970327Z,DEL,BOM,2026-09-27,2026-09-20,7,6E,,6E6983,15:35:00,20:50:00,ECONOMY,OTA_LISTED,,,,,,,,7120.00,INR,,,available,0.97,3670937cf154c96ec6907c86801ef230931a28bc45078c22b1645793aeaee457,1.0.0,False,0e2473244eb449dd835b03e59ae3c8674e93b19d01c8f61c7f2dcaf95f3cdf7d
8193dfd5-2aa0-4ba9-af39-4557bf307ca8,EaseMyTrip,ota,playwright_network,2026-09-20T07:09:34.970327Z,DEL,BOM,2026-09-27,2026-09-20,7,6E,,6E6261,00:15:00,05:30:00,ECONOMY,OTA_LISTED,,,,,,,,7120.00,INR,,,available,0.97,62f222de8ea0fbf496433b378ff5789e0c6a325351365de9d95ae8505c6fb209,1.0.0,False,06614f6cdb0477b3e45f5bba4a118ebd7360f0531d879c6ecd4301bf1ee6e5db
70feb092-42ca-4ae6-aec7-7ee40dd66eca,EaseMyTrip,ota,playwright_network,2026-09-20T07:09:34.970327Z,DEL,BOM,2026-09-27,2026-09-20,7,6E,,6E5073,17:05:00,23:00:00,ECONOMY,OTA_LISTED,,,,,,,,7120.00,INR,,,available,0.97,a88b85b682ad86df5410661b994d13e60c209d3d65af8dc702864c5ededcc879,1.0.0,False,dbf1dde9b95d7722e4db617203b342b4296d4ccf1211ef2e6f0bf08840bed95b
99c12228-bc41-495f-8329-dc610049020b,EaseMyTrip,ota,playwright_network,2026-09-20T07:09:34.971324Z,DEL,BOM,2026-09-27,2026-09-20,7,6E,,6E853,20:45:00,23:00:00,ECONOMY,OTA_LISTED,,,,,,,,7160.00,INR,,,available,0.97,0d41f1d12a99c5a5986426359c2699c406d78cf7af419a063f14eaaf00b21dde,1.0.0,False,53631fcbde16b56b7b6fafd658eb0f53e640aa2073cbf553ef4ed4fb22b08dbc
5abb3b03-4a49-4d25-8fbf-6ec3b8e9f66f,EaseMyTrip,ota,playwright_network,2026-09-20T07:09:34.971324Z,DEL,BOM,2026-09-27,2026-09-20,7,6E,,6E329,18:00:00,20:15:00,ECONOMY,OTA_LISTED,,,,,,,,7160.00,INR,,,available,0.97,6adfcdb3055aab9a5a85d92865e190bf2792e20f0f5d87999e41cd1742fa1646,1.0.0,False,f06c612317fcf3d788822e0a95a9e0141c04c22e00ba5292330412659d2c7614
a622fc27-b7ba-434e-b518-02ce056b6914,EaseMyTrip,ota,playwright_network,2026-09-20T07:09:34.971324Z,DEL,BOM,2026-09-27,2026-09-20,7,6E,,6E327,16:15:00,18:35:00,ECONOMY,OTA_LISTED,,,,,,,,7160.00,INR,,,available,0.97,7c9037e85fb39e67c2016aaae0c029c545eb7a502d5df5a37647efc6a47f8088,1.0.0,False,b15ba0818538e6f568e9f34fbe54a36d00d1f2ba5dbaf3cb8083d4c1333393a8
b3aa7997-c144-4d8d-8c9d-a0b333589a06,EaseMyTrip,ota,playwright_network,2026-09-20T07:09:34.971324Z,DEL,BOM,2026-09-27,2026-09-20,7,6E,,6E354,19:00:00,21:25:00,ECONOMY,OTA_LISTED,,,,,,,,7160.00,INR,,,available,0.97,c6cf4baa11c0883f1a3a24c0e875f2bf4350a85c64b405360b6c7dbde4c86896,1.0.0,False,12f5b4880517de2f6d9a3977c6a4cd4a4112446a5a3c7d7c1cb2fabde95bc568
09bd4d3f-af52-442d-ac59-c2723d66a940,EaseMyTrip,ota,playwright_network,2026-09-20T07:09:34.971324Z,DEL,BOM,2026-09-27,2026-09-20,7,6E,,6E2249,15:00:00,19:35:00,ECONOMY,OTA_LISTED,,,,,,,,7252.00,INR,,,available,0.97,e9afb8ea59b7439fd073f7a6f52b59076124cfe07f0d8f6aa652c4cb5a4b7b9c,1.0.0,False,482018f8d48ae86fec8b16143edb456238179e489066be8041f65646a4fdc858
55eabc0b-4ca3-4faa-a4c0-0b7a18c39833,EaseMyTrip,ota,playwright_network,2026-09-20T07:09:34.971324Z,DEL,BOM,2026-09-27,2026-09-20,7,6E,,6E6443,09:00:00,13:45:00,ECONOMY,OTA_LISTED,,,,,,,,7252.00,INR,,,available,0.97,60b3b1647baf2a3e264862e98f0dd2d56bfc43d422429a492dce4f3fce4205f5,1.0.0,False,1b0d160227022938abdd53cc7817be6d370370729f197df1bb52ed4882f81d2f
cd232ff5-259b-41cf-bc5b-b7b34fb37da1,EaseMyTrip,ota,playwright_network,2026-09-20T07:09:34.971324Z,DEL,BOM,2026-09-27,2026-09-20,7,6E,,6E5138,19:10:00,00:10:00,ECONOMY,OTA_LISTED,,,,,,,,7252.00,INR,,,available,0.97,5cbfb9362beb3601133e506d84996501b49930e32032e18a37cbd907ebebd629,1.0.0,False,30ab5b134421b96248c3483ca3ae41fdca6c7a277c909df92b5474a3af21e9fa
558dd83f-c55f-4f4d-897e-64164d7f921e,EaseMyTrip,ota,playwright_network,2026-09-20T07:09:34.971324Z,DEL,BOM,2026-09-27,2026-09-20,7,6E,,6E6459,05:55:00,11:35:00,ECONOMY,OTA_LISTED,,,,,,,,7252.00,INR,,,available,0.97,7376c9db4a9e268eeb2b14265235de592f25ac209d79e07ee51511988368333f,1.0.0,False,bf60a409e3aab42cdeee67ab9508cbc7d361408d43c4f1a86cc8b5a25e913b58
ed1bae3c-a738-4716-bdd5-02d7133edcf0,EaseMyTrip,ota,playwright_network,2026-09-20T07:09:34.971324Z,DEL,BOM,2026-09-27,2026-09-20,7,6E,,6E6569,05:00:00,11:10:00,ECONOMY,OTA_LISTED,,,,,,,,7252.00,INR,,,available,0.97,52bf985f9856d2f1a177c4f5543b1c5e54b079f82aa753e23db5fe318f321b9c,1.0.0,False,f745b9d1e8000c54c3a610a70b8b9fb901262b1db8379fe88a87d9bc54fed598
c59bfe0c-0c8b-49c6-aff5-354af610a68b,EaseMyTrip,ota,playwright_network,2026-09-20T07:09:34.971324Z,DEL,BOM,2026-09-27,2026-09-20,7,AI,,AI2433,21:30:00,23:55:00,ECONOMY,OTA_LISTED,,,,,,,,7473.00,INR,,,available,0.97,f5f8ece72d05a67dd83b54dcf7d541b99111147d4a772bfdbd869f637d99f86e,1.0.0,False,efeb0eb0b6e56d73291d022b0832299685dee94f1d7db3a2a275fa635ee657c6
22ff5c40-5134-4ea3-9d84-24753aaeb9cc,EaseMyTrip,ota,playwright_network,2026-09-20T07:09:34.971324Z,DEL,BOM,2026-09-27,2026-09-20,7,6E,,6E6479,21:25:00,02:15:00,ECONOMY,OTA_LISTED,,,,,,,,7330.00,INR,,,available,0.97,ca73f7dc174d5af25205d56a8ded2c989208eea81b5a4b1e3154ba50515c29f8,1.0.0,False,f8cfc9f27c8d31a845d2e147efc4973e908eb20f4e291bf4ccae9ccfdcbc26d7
81ef85e4-d2f9-42d0-bccb-5a0e9dceec2c,EaseMyTrip,ota,playwright_network,2026-09-20T07:09:34.971324Z,DEL,BOM,2026-09-27,2026-09-20,7,QP,,QP1128,16:00:00,18:20:00,ECONOMY,OTA_LISTED,,,,,,,,7366.00,INR,,,available,0.97,e135d821b34a60f7ff945bb512d93f99e9d49f895b2436e15dcdbbabd5a6c7df,1.0.0,False,d8c8069b8b52e1a1c01dd87d3dd382a34230cc07627f7e9aa44fc9f5ea46779c
f118dc93-7f68-4db9-b26f-c5bebdd4eaf3,EaseMyTrip,ota,playwright_network,2026-09-20T07:09:34.971324Z,DEL,BOM,2026-09-27,2026-09-20,7,QP,,QP1826,19:55:00,22:20:00,ECONOMY,OTA_LISTED,,,,,,,,7366.00,INR,,,available,0.97,28c429bc7380308bb35208b7d93df1e164762850b88aa3f836dce24e3be5e3ba,1.0.0,False,d1775346801a40fae5ac6328c5a739e3dcad5f1479c35145367b5eed0246cad2
76379aaf-f0da-46bd-9eff-ef481b480ca4,EaseMyTrip,ota,playwright_network,2026-09-20T07:09:34.971324Z,DEL,BOM,2026-09-27,2026-09-20,7,6E,,6E6282,13:30:00,18:50:00,ECONOMY,OTA_LISTED,,,,,,,,7462.00,INR,,,available,0.97,c0e24be28eeac53b9d32ba8b015a53500568a295320da20c17c5cc5fff781ba1,1.0.0,False,0aa54bd995b5902aac3ca41bd3dd7ec4c24fcb6b36610cba83f2601ab177ad62
99ee89e1-d99f-418e-a3bf-bffe5cc3e54a,EaseMyTrip,ota,playwright_network,2026-09-20T07:09:34.971324Z,DEL,BOM,2026-09-27,2026-09-20,7,6E,,6E882,23:15:00,04:35:00,ECONOMY,OTA_LISTED,,,,,,,,7462.00,INR,,,available,0.97,6b53e656f320791be4de7807b27884a49a2e3eb4e512c4cf036c8476b6e3e583,1.0.0,False,91a6c0301827158330bd94c62bc8a6ce672c0efe6422f54af9731d74049f1323
4cfb7088-4379-4823-bde9-b4dfd548ef9d,EaseMyTrip,ota,playwright_network,2026-09-20T07:09:34.971324Z,DEL,BOM,2026-09-27,2026-09-20,7,6E,,6E705,08:30:00,14:25:00,ECONOMY,OTA_LISTED,,,,,,,,7462.00,INR,,,available,0.97,e07bb1c118db7a42daefe763484666b58e91431fbeb3f4096065d0d4ceef298b,1.0.0,False,6898e033bcfc878d661b2d0ee53ae01a1e38c5838d9c76c7673ae2aaf8d99c37
c40aea32-5a57-4432-b851-4bd956d266e6,EaseMyTrip,ota,playwright_network,2026-09-20T07:09:34.971324Z,DEL,BOM,2026-09-27,2026-09-20,7,6E,,6E6293,09:55:00,15:55:00,ECONOMY,OTA_LISTED,,,,,,,,7462.00,INR,,,available,0.97,d2c33d956d0edd79c0e9e8af90a72d7796a38ef88fd369a32261b0228aec5e0c,1.0.0,False,97aaaf9e5dcf45d8c2339ac6ed262e1bb0eadec9c3870d3efabc68dd5e19ee70
554a27fa-2660-462f-8011-6636a2ea54e7,EaseMyTrip,ota,playwright_network,2026-09-20T07:09:34.971324Z,DEL,BOM,2026-09-27,2026-09-20,7,6E,,6E303,20:00:00,22:10:00,ECONOMY,OTA_LISTED,,,,,,,,7475.00,INR,,,available,0.97,ac885c99f248ecf0ac6fd677b3f67d2fd840026f0aa991bb0ff02f0cb7c9dfa5,1.0.0,False,ed713079f06fbf01d72ca7911b7a29f1c0dbcd80a3be8201f45e16fc9c166389
5231580a-f4a3-439d-ab0f-9bc84cc8391f,EaseMyTrip,ota,playwright_network,2026-09-20T07:09:34.972418Z,DEL,BOM,2026-09-27,2026-09-20,7,6E,,6E6706,17:00:00,19:15:00,ECONOMY,OTA_LISTED,,,,,,,,7475.00,INR,,,available,0.97,6e678091aa13c8d32de2ee4e77b48b6f16edbebafa4918c8964a5282448b8b9f,1.0.0,False,888ec072f5571658ba0e301e1d4fe4c87c6e9d3448a037143b197bbc30e580c5
1b361a31-9014-44ad-a3f7-af295d5eb487,EaseMyTrip,ota,playwright_network,2026-09-20T07:09:34.972418Z,DEL,BOM,2026-09-27,2026-09-20,7,AI,,AI1777,16:00:00,18:25:00,ECONOMY,OTA_LISTED,,,,,,,,7722.00,INR,,,available,0.97,0b8e24c939c561399a762a8574a283b52d7bae7c8ab5137a483453774fa44b42,1.0.0,False,68f4a8e91e89d394e6a85cc78296bb857ff5ea9d7076e1ecaa267c8ad6b1dbd5
0907b77e-e9de-4582-8652-cdf8fee52455,EaseMyTrip,ota,playwright_network,2026-09-20T07:09:34.972418Z,DEL,BOM,2026-09-27,2026-09-20,7,AI,,AI2941,16:30:00,18:50:00,ECONOMY,OTA_LISTED,,,,,,,,7788.00,INR,,,available,0.97,e0d42033a1cff0eb2dfe75d22af90ad80b2e7c8a6a15aa466b8b75f9d74a94c2,1.0.0,False,cd04f9b40833cdef39d993aa323248f6377f20850682421f25750e552a17ca0a
90ac22fc-72e3-48ec-a2ba-e6183b3e7944,EaseMyTrip,ota,playwright_network,2026-09-20T07:09:34.972418Z,DEL,BOM,2026-09-27,2026-09-20,7,AI,,AI2933,15:30:00,17:55:00,ECONOMY,OTA_LISTED,,,,,,,,7985.00,INR,,,available,0.97,386957a900fd641a51e49973c71c7a52382050d1fd1ba7fab740d4f6215ace2b,1.0.0,False,fb820f55615890de7cd653727b0c9682f67ab64ba4782bb7dfbfb87e8f5d910e
195a3d51-a7ff-4d72-8e8f-ec8ef1ecfb3a,EaseMyTrip,ota,playwright_network,2026-09-20T07:09:34.972418Z,DEL,BOM,2026-09-27,2026-09-20,7,6E,,6E395,21:45:00,00:05:00,ECONOMY,OTA_LISTED,,,,,,,,7790.00,INR,,,available,0.97,c7ccebb54b74415ee9c72da34e1b80faa122de9283478cf3db283a99a920e170,1.0.0,False,e133c861fb9ad17ed6ddac43f1027667a0c05102bac4a81b92e61412ef31df27
f6d2d876-5376-4643-9b29-764a03de3173,EaseMyTrip,ota,playwright_network,2026-09-20T07:09:34.972418Z,DEL,BOM,2026-09-27,2026-09-20,7,AI,,AI441,17:00:00,19:25:00,ECONOMY,OTA_LISTED,,,,,,,,8103.00,INR,,,available,0.97,a29073ba1442191fcb92313b4dddcdc89ac3e107964d8f36e672675bb975be46,1.0.0,False,996cab62cc5ec7f6b6eb363beff9ceb32bafbb4e9a1c35005f69f1f9b6d10eef
dcd29731-42b6-4852-be0a-ae9181c94ae3,EaseMyTrip,ota,playwright_network,2026-09-20T07:09:34.972418Z,DEL,BOM,2026-09-27,2026-09-20,7,AI,,AI2957,20:30:00,23:05:00,ECONOMY,OTA_LISTED,,,,,,,,8103.00,INR,,,available,0.97,b953f16928a7610bd8582a26a846346612a0d93df0f916fdb2bfb8e69f2803d1,1.0.0,False,414cedcb06598bf62512fff698d134733b3fee1146f6c43a243b760e44a7dffb
bbd60fb4-1716-4a5b-ba42-66e586b93cd6,EaseMyTrip,ota,playwright_network,2026-09-20T07:09:34.972418Z,DEL,BOM,2026-09-27,2026-09-20,7,AI,,AI1780,16:10:00,20:00:00,ECONOMY,OTA_LISTED,,,,,,,,8103.00,INR,,,available,0.97,56afd8870cf23e5dc9c47c250a7cc2ad8357a605b52ab29359462b6406969903,1.0.0,False,69e7c2893ca622470520247c3f610cc6a3a243e34d1014d6afb0f0daa72ccc0c
9ae2f5b1-551e-4d2b-9c40-29961df8b03c,EaseMyTrip,ota,playwright_network,2026-09-20T07:09:34.972418Z,DEL,BOM,2026-09-27,2026-09-20,7,6E,,6E758,16:10:00,21:20:00,ECONOMY,OTA_LISTED,,,,,,,,7905.00,INR,,,available,0.97,4bf10a7f6e50490de842a407e54ee2c029139ede4afccba0b6c8598d1282a3c0,1.0.0,False,091ec87186444342d42b77e70ae9a1ec214d51a6b55effc7b411d27db17ce309
29a3c39e-44db-41b6-8799-fa8b91f3df32,EaseMyTrip,ota,playwright_network,2026-09-20T07:09:34.972418Z,DEL,BOM,2026-09-27,2026-09-20,7,QP,,QP1820,17:30:00,19:45:00,ECONOMY,OTA_LISTED,,,,,,,,7922.00,INR,,,available,0.97,333602b2e623c33a2fc5fa0a2a1d4963656c413112f5bd013d2c5e838db8fa70,1.0.0,False,07776ffb5ffbdbb97282adc22e64eb5e23a0b4852cf3473220444ea92e266943
bf8188fc-fe49-4040-8755-a3486cd148c8,EaseMyTrip,ota,playwright_network,2026-09-20T07:09:34.972418Z,DEL,BOM,2026-09-27,2026-09-20,7,AI,,AI2981,21:00:00,23:20:00,ECONOMY,OTA_LISTED,,,,,,,,8309.00,INR,,,available,0.97,bcc8b0eb21ff6ce0742c627ba8331ff70606433ad2026a9604a0ea9cd91e06bb,1.0.0,False,2b7813886f92d6ee83cfc61ebd9a1def4cd66971f5f00bc9aed6f9178caefbfe
c1a856d0-092d-4a19-b2d4-b780aa262b00,EaseMyTrip,ota,playwright_network,2026-09-20T07:09:34.972418Z,DEL,BOM,2026-09-27,2026-09-20,7,AI,,AI2951,13:30:00,15:50:00,ECONOMY,OTA_LISTED,,,,,,,,8471.00,INR,,,available,0.97,532d85a5c80153c8d8f474083df513c36562eeb704331a72b446b6ead6c46e00,1.0.0,False,bee569cd44c7af5db78a266f277db635e5cef82f7a04072a9780d6743f260a2a
6c3b58de-3215-4485-b072-52f2ae5870ef,EaseMyTrip,ota,playwright_network,2026-09-20T07:09:34.972418Z,DEL,BOM,2026-09-27,2026-09-20,7,AI,,AI2805,20:00:00,22:25:00,ECONOMY,OTA_LISTED,,,,,,,,8471.00,INR,,,available,0.97,a7f32e0db06955e93f1b1491e5271984d0b00c1d8b1d9f7f2bb636d4d97dcf5d,1.0.0,False,63b90bc0723a0fd9c98586e0f86fde7be949ae038826502372c909a79024be9a
46982cac-e4ba-4608-99bf-4aa22f6bfbae,EaseMyTrip,ota,playwright_network,2026-09-20T07:09:34.972418Z,DEL,BOM,2026-09-27,2026-09-20,7,AI,,AI2955,18:00:00,20:25:00,ECONOMY,OTA_LISTED,,,,,,,,8584.00,INR,,,available,0.97,9337644807a58655d594c77e823be5532b94f2a1d2c6a1d4f332ca40a5547fd0,1.0.0,False,e8cf99d5d1e964424683a02e12e3a85001e9a7c18e65d6e7285db42c6bacd08b
0e595213-2f3d-4c8d-808f-a2e61c2247f7,EaseMyTrip,ota,playwright_network,2026-09-20T07:09:34.972418Z,DEL,BOM,2026-09-27,2026-09-20,7,6E,,6E5206,13:20:00,18:30:00,ECONOMY,OTA_LISTED,,,,,,,,8535.00,INR,,,available,0.97,feb938165e3193338a77eab248cbbae3e0157b20db1ba91704845778ef627916,1.0.0,False,52c675983b44c2a3caa274e8310744b6135052ed73c50b8ec1556658d4249321
b5d5da38-a504-44be-8039-bbba206f71fe,EaseMyTrip,ota,playwright_network,2026-09-20T07:09:34.972418Z,DEL,BOM,2026-09-27,2026-09-20,7,IX,,IX1082,21:25:00,10:35:00,ECONOMY,OTA_LISTED,,,,,,,,9071.00,INR,,,available,0.97,5e7da2af363ad5e863be9b047658b7dea4fa54a68bea5f7bae2e286e47395f76,1.0.0,False,3c3f8420b6bd10ab2301feb59c8b6e53e167b54428e62a626279f87342a90a75
39c009b2-4b17-44c9-8fd6-b1fb3f9cc1a4,EaseMyTrip,ota,playwright_network,2026-09-20T07:09:34.972418Z,DEL,BOM,2026-09-27,2026-09-20,7,AI,,AI2499,05:55:00,11:05:00,ECONOMY,OTA_LISTED,,,,,,,,9526.00,INR,,,available,0.97,a82ec0bbd729a2c345e4f96dc53476c382b8e96a21af594d57c419bdf20a74dd,1.0.0,False,9348d2908e1c1d4a05cc91ff375d4a949549b6c0b52311e16a0216bcb96f69f9
5f55a304-2f96-4a66-b076-5a88ee842234,EaseMyTrip,ota,playwright_network,2026-09-20T07:09:34.972418Z,DEL,BOM,2026-09-27,2026-09-20,7,AI,,AI1710,18:35:00,11:05:00,ECONOMY,OTA_LISTED,,,,,,,,9526.00,INR,,,available,0.97,a7b60e4d04cc85138e30707641027fd7e139acbffc3b0281c2c37b4e47350780,1.0.0,False,cdd6c6a5167c902f61ecb22a61b8b99f3c79535baa4b787ddce1bde213b7e2ad
15e074aa-de7c-4166-9e88-fcb4a050ff30,EaseMyTrip,ota,playwright_network,2026-09-20T07:09:34.972418Z,DEL,BOM,2026-09-27,2026-09-20,7,6E,,6E6601,19:45:00,01:00:00,ECONOMY,OTA_LISTED,,,,,,,,9360.00,INR,,,available,0.97,94ed93f4714e163d89fdf5618fc627b6a569eec249f7fdeb8ef79083ff47aaab,1.0.0,False,7d032c46c8854189df357db995055510e632e42a8d9ed3e0e7e4afb2ed2af071
1b7f8436-bc43-4cab-89dc-c6dd5901efd4,EaseMyTrip,ota,playwright_network,2026-09-20T07:09:34.973417Z,DEL,BOM,2026-09-27,2026-09-20,7,IX,,IX1817,19:30:00,10:35:00,ECONOMY,OTA_LISTED,,,,,,,,9971.00,INR,,,available,0.97,1e579fae17419a1bc19d6e957e53a0276931356f938a4b304e0da83b7dfab86c,1.0.0,False,a2ea35496357b1878d151db3caa933a3c68030fd90bd5b75079c1b1eb3e61c4c
8558d488-0e47-45b5-8775-a8a9b8ae2e28,EaseMyTrip,ota,playwright_network,2026-09-20T07:09:34.973417Z,DEL,BOM,2026-09-27,2026-09-20,7,IX,,IX1049,18:40:00,10:35:00,ECONOMY,OTA_LISTED,,,,,,,,9971.00,INR,,,available,0.97,2187947098a82ecd8f09c4b8be58b4fa8d78c4d42c06d623c28406f60b83981f,1.0.0,False,409185e7c1ea9670fd5e01f0a27974db37d1679cc20a1dbe8cfd21ad95cfae29
d485b3ca-b801-4de1-8075-aa4c3d325d88,EaseMyTrip,ota,playwright_network,2026-09-20T07:09:34.973417Z,DEL,BOM,2026-09-27,2026-09-20,7,AI,,AI2985,19:30:00,21:55:00,ECONOMY,OTA_LISTED,,,,,,,,10388.00,INR,,,available,0.97,09118aa3a3feef2ac58723b2a521864e3faaab4da67ec84aa4daa2e8ac0967ec,1.0.0,False,635374487722a6f3ead4ed8d9bd08c12c05eab6acc31a65958955115237cd66d
dd7bd70f-3dbd-474c-9efe-28c2e0300176,EaseMyTrip,ota,playwright_network,2026-09-20T07:09:34.973417Z,DEL,BOM,2026-09-27,2026-09-20,7,AI,,AI2569,20:25:00,11:05:00,ECONOMY,OTA_LISTED,,,,,,,,10576.00,INR,,,available,0.97,6ce2ba896e7ebba7890c08861499e6d6a13df04d22b4809b179189f8bd5a2c66,1.0.0,False,7ee1c904b261619613b32e034fb98e9ba31ef1cceaf18e0e5b025f35fb616042
9e0c17c0-0742-42a0-87db-509a0846840b,EaseMyTrip,ota,playwright_network,2026-09-20T07:09:34.973417Z,DEL,BOM,2026-09-27,2026-09-20,7,AI,,AI1717,14:20:00,11:05:00,ECONOMY,OTA_LISTED,,,,,,,,10576.00,INR,,,available,0.97,1ea07f7f1a1aaa3f708dd5bd13dfe7af769fb29fdfc3a3a856487b4e7bd820ac,1.0.0,False,ddd51c4a1fc7a5700e0080a9a24d8b351925bad9a5b2dc52111d828b3fda4349
fac11475-83bb-4009-93a4-a5c49c5fa4ce,EaseMyTrip,ota,playwright_network,2026-09-20T07:09:34.973417Z,DEL,BOM,2026-09-27,2026-09-20,7,AI,,AI1705,06:30:00,12:20:00,ECONOMY,OTA_LISTED,,,,,,,,10690.00,INR,,,available,0.97,c083e027c003eb865960c0ae84b0a4eea3d7cdb2800624ae37fc5a744c7af182,1.0.0,False,0ed6606a688add518eaaecf6b5b65cbaa578ba7e9f77bb2becdc5358d7edc948
295a6dc4-a7d8-47a3-b603-618d318141e1,EaseMyTrip,ota,playwright_network,2026-09-20T07:09:34.973417Z,DEL,BOM,2026-09-27,2026-09-20,7,AI,,AI1719,11:55:00,10:30:00,ECONOMY,OTA_LISTED,,,,,,,,10813.00,INR,,,available,0.97,fdc6ef4bb459e8988fae05d4bb8a32425f31bdb320493c29fff5695a223dd243,1.0.0,False,cdebd0269b326221e5265d93b8eafbe6626bffbf1a30feea9571fc4ee230f71c
8d4cc59d-b677-4bd1-8d32-ef11e5d71661,EaseMyTrip,ota,playwright_network,2026-09-20T07:09:34.973417Z,DEL,BOM,2026-09-27,2026-09-20,7,6E,,6E2381,13:45:00,19:35:00,ECONOMY,OTA_LISTED,,,,,,,,10959.00,INR,,,available,0.97,0e9c418d587005182f9de834d83b1108cd2daf8b865c59af0dbd78769d382c32,1.0.0,False,7677205658e365df66a08cab86ac9cf60d65fc65950849bf58818cd303bd97c1
0f33d737-73e3-41fa-9bc2-0ab551f6c413,EaseMyTrip,ota,playwright_network,2026-09-20T07:09:34.973417Z,DEL,BOM,2026-09-27,2026-09-20,7,6E,,6E6433,16:30:00,22:20:00,ECONOMY,OTA_LISTED,,,,,,,,11339.00,INR,,,available,0.97,943db74cb8bccf33d3d6548a76288968b703729d1b5f4cb950481c99ba940ddd,1.0.0,False,668bd4b8ddc65dc4336a29233531bf70b8a9517eacf6d26b92b6afb972e6e8af
ef6d5db5-1247-4aeb-a8db-40a3b8d47d6c,EaseMyTrip,ota,playwright_network,2026-09-20T07:09:34.973417Z,DEL,BOM,2026-09-27,2026-09-20,7,6E,,6E2349,10:55:00,16:20:00,ECONOMY,OTA_LISTED,,,,,,,,11427.00,INR,,,available,0.97,1af20760c6a557df3aeafa83f6186409bd9178cc1b7ac5f361742dbf8872a8b4,1.0.0,False,0ee78c9544389aadb9204a257217ecb63f9a16fc7a731e8fa9f37c8c01d74889
98ba0f8b-5421-4ae4-b6dc-262e03089a6e,EaseMyTrip,ota,playwright_network,2026-09-20T07:09:34.973417Z,DEL,BOM,2026-09-27,2026-09-20,7,IX,,IX1003,19:10:00,08:15:00,ECONOMY,OTA_LISTED,,,,,,,,12222.00,INR,,,available,0.97,5b195abbfd03084fe0c60205dd307c814f0f2e5bc419bab760508b90694622cf,1.0.0,False,c4ceb27f680d9f79d25f1c0fe10e0fd8238cb2247aa0176d2b474bfa96052545
71601e3d-d2c3-4269-9302-ca43bde09abb,EaseMyTrip,ota,playwright_network,2026-09-20T07:09:34.973417Z,DEL,BOM,2026-09-27,2026-09-20,7,6E,,6E6497,18:40:00,00:45:00,ECONOMY,OTA_LISTED,,,,,,,,11880.00,INR,,,available,0.97,f498f391c8cb371691a0ef951e184a380655ab46f9b1c5d260a670443bcbf288,1.0.0,False,3f36600efbb3fe2456db9cababa5aefd991415eef6730c7ceb5fe4e76652574f
a63f2285-e2ba-493f-935b-e44ac8951d88,EaseMyTrip,ota,playwright_network,2026-09-20T07:09:34.973417Z,DEL,BOM,2026-09-27,2026-09-20,7,IX,,IX5975,21:00:00,04:35:00,ECONOMY,OTA_LISTED,,,,,,,,13216.00,INR,,,available,0.97,f73f374a16608dbf4b7d852ca75d623daf74173443edfc6d2e290c81d7e7259b,1.0.0,False,57fff349f897ad9e28b8c14a42c4438d76b7f21776887aa822a5cd30819696a8
c84386ac-1269-4a1f-9027-4faab8b3f8bc,EaseMyTrip,ota,playwright_network,2026-09-20T07:09:34.973417Z,DEL,BOM,2026-09-27,2026-09-20,7,IX,,IX1049,18:40:00,00:05:00,ECONOMY,OTA_LISTED,,,,,,,,13571.00,INR,,,available,0.97,3e5d4b5006dd321e416064b9d0851777c0f171d1d38e6972a9865bc9cf08128a,1.0.0,False,0509f82d40cb4e4f7f9bcd43daa78ac1d717ca37b3464c3cc7ba1084e66e6651
0172366a-17fa-41bd-8502-9c88fd8f473a,EaseMyTrip,ota,playwright_network,2026-09-20T07:09:34.973417Z,DEL,BOM,2026-09-27,2026-09-20,7,IX,,IX1754,09:35:00,15:50:00,ECONOMY,OTA_LISTED,,,,,,,,13571.00,INR,,,available,0.97,16558089afb53e31de1b7d275cccd746ca0fde8dac0d7c30add4afd8dc785ac3,1.0.0,False,da25d84ad34785054cad7e3bdb7487f366a46f625990e07b82010b2f6e408da3
aa1d44c4-948f-435c-9e29-a38100a623b0,EaseMyTrip,ota,playwright_network,2026-09-20T07:09:34.973417Z,DEL,BOM,2026-09-27,2026-09-20,7,6E,,6E6829,17:20:00,22:05:00,ECONOMY,OTA_LISTED,,,,,,,,13104.00,INR,,,available,0.97,243777b7567a26ca5681bb903fe0b4cdea78cb175dccc5ef2d25d36b9278f4d5,1.0.0,False,ad40b1ffb8633b09a0839d875136a262e95719ede641bc0574516f156d580fc3
490111a2-d388-46a4-ac92-b75fe7fb97b5,EaseMyTrip,ota,playwright_network,2026-09-20T07:09:34.973417Z,DEL,BOM,2026-09-27,2026-09-20,7,6E,,6E184,19:40:00,23:45:00,ECONOMY,OTA_LISTED,,,,,,,,13399.00,INR,,,available,0.97,4b6ab32891fd694abb8723e1a8d0c6a657d4ff708d3986b6aa562a405f25c0bf,1.0.0,False,fb7f1c0d1e561ca35127f398f5c594ade57ee565a200f008217f397279f3241f
58c6d83e-3b8a-4599-ba53-5600077f20f2,EaseMyTrip,ota,playwright_network,2026-09-20T07:09:34.974384Z,DEL,BOM,2026-09-27,2026-09-20,7,SG,,SG2802,22:45:00,01:25:00,ECONOMY,OTA_LISTED,,,,,,,,13745.00,INR,,,available,0.97,c97ca259b02d277fc01b33bdd7d067c59818605c19c273ed519fcef1f7c60de4,1.0.0,False,d825011c3cd166490adcbecc096356dd45ff84a5456a61bb09b595b27d743864
323fdf2e-db8c-4ca5-b9c6-f6775508f882,EaseMyTrip,ota,playwright_network,2026-09-20T07:09:34.974384Z,DEL,BOM,2026-09-27,2026-09-20,7,6E,,6E2331,12:20:00,18:25:00,ECONOMY,OTA_LISTED,,,,,,,,14068.00,INR,,,available,0.97,edaecddc562189da370fe1421996762bec5accea5ae41c47958345d549f493cc,1.0.0,False,9d18f830a94a1334f45ad50b4537b39c35f49b8c8dff49e276698cefcb0a5f87
a2b41386-a05c-4945-9af8-9e20fdd1ab24,EaseMyTrip,ota,playwright_network,2026-09-20T07:09:34.974384Z,DEL,BOM,2026-09-27,2026-09-20,7,AI,,AI2715,11:40:00,16:35:00,ECONOMY,OTA_LISTED,,,,,,,,14293.00,INR,,,available,0.97,7fa46d2a469386817a9ad4ada45c8c12ef21d4f18824adfb0b894bf8cd690184,1.0.0,False,6f879eadf608acf45901fbc6fb7802a136d09fa6dc6ca2f103ee132801b02f9f
53ed16de-1523-4b0a-884d-f7368d84fd6c,EaseMyTrip,ota,playwright_network,2026-09-20T07:09:34.974384Z,DEL,BOM,2026-09-27,2026-09-20,7,AI,,AI2939,16:40:00,22:40:00,ECONOMY,OTA_LISTED,,,,,,,,14405.00,INR,,,available,0.97,80ea83f31db52fca91da6ec2208fc9a2e1c6aba1e0b57547da8ba73882cd6f82,1.0.0,False,806dae2345984dcbb1da96543b6b27cedcaa64bc8bf98dfe24b01a447e5eec93
f3b25aa9-d5a1-435c-890a-a5d017ca4582,EaseMyTrip,ota,playwright_network,2026-09-20T07:09:34.974384Z,DEL,BOM,2026-09-27,2026-09-20,7,6E,,6E357,19:25:00,01:25:00,ECONOMY,OTA_LISTED,,,,,,,,14353.00,INR,,,available,0.97,c8ef21be0a4e380346fb74b0fc6048f5c6bffa1fbcd624a6e899be5c904a39d8,1.0.0,False,3af1dac01715df64c97dc4252f49a932f85188e49df42d985f1cbde134616335
ef9fe542-3772-4434-ba40-89da12aef6a9,EaseMyTrip,ota,playwright_network,2026-09-20T07:09:34.974384Z,DEL,BOM,2026-09-27,2026-09-20,7,6E,,6E5038,14:00:00,19:35:00,ECONOMY,OTA_LISTED,,,,,,,,14391.00,INR,,,available,0.97,268e2d9795b18fa5a5d5b140a5670479f687de2b4ce9e3034a42a0535ab2643b,1.0.0,False,39792613b827efdea174d65ce18a4cc04089c433fb0a6e9d5fb1f3bd120d78dd
f8d7f04f-b596-46c1-831b-1f3c1f188ee0,EaseMyTrip,ota,playwright_network,2026-09-20T07:09:34.974384Z,DEL,BOM,2026-09-27,2026-09-20,7,AI,,AI809,17:40:00,22:40:00,ECONOMY,OTA_LISTED,,,,,,,,14652.00,INR,,,available,0.97,08ffa47bd2bcc629d6cfac075acd51147ecd9a94dfaefa2012497003161ffa79,1.0.0,False,98de9605c0dd15a415f71c39f9258b620a0a552be00659116ddd34669854d18a
ea02940e-ec16-43ac-bd5d-e127c5405d3d,EaseMyTrip,ota,playwright_network,2026-09-20T07:09:34.974384Z,DEL,BOM,2026-09-27,2026-09-20,7,6E,,6E5073,17:05:00,21:05:00,ECONOMY,OTA_LISTED,,,,,,,,14682.00,INR,,,available,0.97,fa081646992022e70d83543d6a39253055998df735967ec77739821f05c46f3f,1.0.0,False,0d5708ba5a71208e32a7a2b80c2befffe349abd1ea792424e592aad69252bf93
e2006cb6-d95b-4e13-815f-74828e674fd0,EaseMyTrip,ota,playwright_network,2026-09-20T07:09:34.974384Z,DEL,BOM,2026-09-27,2026-09-20,7,AI,,AI1719,11:55:00,08:00:00,ECONOMY,OTA_LISTED,,,,,,,,14882.00,INR,,,available,0.97,9d4a64a7dd60f8aa029fde6c8cf7f9612e7308d4bc774a5c9009b95dadb59d0d,1.0.0,False,59ddd362f0160c2ba778c4daebfa18b53681c1f2755ea36297451058bfc690dd
d204d12b-f3e3-4b5e-814e-b984edab7ebb,EaseMyTrip,ota,playwright_network,2026-09-20T07:09:34.974384Z,DEL,BOM,2026-09-27,2026-09-20,7,IX,,IX1070,18:40:00,04:35:00,ECONOMY,OTA_LISTED,,,,,,,,15602.00,INR,,,available,0.97,c2889699426f84212cd501020a86ff3b6119df3177d52405c05cd88b56ed029c,1.0.0,False,ff29a1d1172eb4ae86b152650ccce599f2244893c928bfa8fa708f7ae62e9b13
ee630a7d-f221-43bf-874c-c1ab65dcfdde,EaseMyTrip,ota,playwright_network,2026-09-20T07:09:34.974384Z,DEL,BOM,2026-09-27,2026-09-20,7,IX,,IX1815,19:20:00,10:15:00,ECONOMY,OTA_LISTED,,,,,,,,16690.00,INR,,,available,0.97,d47e0225570251c2049122d749b7f42b9feb5557dbacf7cd48a61a3901bf57e4,1.0.0,False,69a26d2215cff2916d00504294be43f37f7dd49efcdfbc3cf274570ac70ccce6
aa44e6bc-b8ee-4299-acb2-07c89ae33dcd,EaseMyTrip,ota,playwright_network,2026-09-20T07:09:34.975419Z,DEL,BOM,2026-09-27,2026-09-20,7,SG,,SG162,19:55:00,22:40:00,ECONOMY,OTA_LISTED,,,,,,,,15724.00,INR,,,available,0.97,cf3699564bbb1d571cd81d9dc2707538d9a6964cd29c64a7d717db6a6768b858,1.0.0,False,f5c4c069b752130d8771f13a576259d3be978ffdab662e2c5ae62f2c7935249b
cb3526a4-dbbc-4ae7-b2e4-e627b883d38f,EaseMyTrip,ota,playwright_network,2026-09-20T07:09:34.975419Z,DEL,BOM,2026-09-27,2026-09-20,7,IX,,IX1812,11:15:00,01:15:00,ECONOMY,OTA_LISTED,,,,,,,,16990.00,INR,,,available,0.97,38a40d92c1f7fef259ee78ff36a2f6d95cafc1770e79e280167cba00d77847e4,1.0.0,False,d947aa281f668042a6dc56ed7e048f4c54f9c6dd2e851d29a53acffc73d6ee3e
58a89d43-f596-437f-8c6c-64c5aa0dabff,EaseMyTrip,ota,playwright_network,2026-09-20T07:09:34.975419Z,DEL,BOM,2026-09-27,2026-09-20,7,6E,,6E5298,09:00:00,13:50:00,ECONOMY,OTA_LISTED,,,,,,,,16443.00,INR,,,available,0.97,f6c515a23be36fcaf466948efa623ce3bfabbf5175b5ed703c94a4091e570704,1.0.0,False,31fa9a2001a67782ade45094dd978317c226810cf194cc0239a8f8140af5a1b2
25d824f4-4c27-49fe-90cb-4ab30f3495b8,EaseMyTrip,ota,playwright_network,2026-09-20T07:09:34.975419Z,DEL,BOM,2026-09-27,2026-09-20,7,6E,,6E6212,14:45:00,20:30:00,ECONOMY,OTA_LISTED,,,,,,,,16645.00,INR,,,available,0.97,fdbb70e4856cc61247e81e3b2b69cb54a003cfddea142eef0f8f836944c8fdff,1.0.0,False,a288497b7332cc5a0170e5701f9c0ffb6a2443bd73484dcc9584edfc6ff03e88
8a809709-e084-4f75-b85d-8e5ae32903fd,EaseMyTrip,ota,playwright_network,2026-09-20T07:09:34.975419Z,DEL,BOM,2026-09-27,2026-09-20,7,AI,,AI1780,16:10:00,21:25:00,ECONOMY,OTA_LISTED,,,,,,,,17042.00,INR,,,available,0.97,9d7895891eb5d3c9954b45f0b7dbc977015725dacf2e305e368a02f1c8b9ef55,1.0.0,False,682699d9e3e8b77e839314c3491274909219255f7881576983ba1ab951df8a30
0e3d968b-1acc-4a90-9007-28982e7917fb,EaseMyTrip,ota,playwright_network,2026-09-20T07:09:34.975419Z,DEL,BOM,2026-09-27,2026-09-20,7,AI,,AI1773,10:30:00,16:05:00,ECONOMY,OTA_LISTED,,,,,,,,17938.00,INR,,,available,0.97,f43c57958fc16eafb3569ec1740d2e0cf958c2cc0577362b3772059230b239f4,1.0.0,False,c6d44ea3b14cf0cba9773bb90f1d4b430d7facb5d60c56030f30c9d2e7e788c8
591899fb-81cf-4d16-b01f-56bcc10c5b80,EaseMyTrip,ota,playwright_network,2026-09-20T07:09:34.975419Z,DEL,BOM,2026-09-27,2026-09-20,7,AI,,AI9584,11:15:00,16:50:00,ECONOMY,OTA_LISTED,,,,,,,,19591.00,INR,,,available,0.97,7bace564cc874f69c74362cdbc075d529eda141701d3db8a8b795e22c9971538,1.0.0,False,a553749bc8e335b561576a00a3d6f0fce020a314eed0a553d10c99347b888d82
7d1db04c-bb5f-4c08-9bdb-789caaf42745,EaseMyTrip,ota,playwright_network,2026-09-20T07:09:34.975419Z,DEL,BOM,2026-09-27,2026-09-20,7,IX,,IX1812,11:15:00,18:35:00,ECONOMY,OTA_LISTED,,,,,,,,21041.00,INR,,,available,0.97,daec8493f13c6f5f0a1592183f36d4729ffa6a903d3293d7667a63f12c652a6a,1.0.0,False,a59540fcb31f47347e1ebff51880dc323e20dce3b8471f8b0beff0683192f814
1300ff7d-8bcf-4631-b57f-41ebe5ae368b,EaseMyTrip,ota,playwright_network,2026-09-20T07:09:34.975419Z,DEL,BOM,2026-09-27,2026-09-20,7,IX,,IX1783,07:20:00,23:05:00,ECONOMY,OTA_LISTED,,,,,,,,21437.00,INR,,,available,0.97,018b9f4d6fd2be3bd4b9b520861d940bb1781a57147d86f5103974c0e8c132ad,1.0.0,False,1efa763133aa966b9164f58aeca9c72a20aec4def207674e8cb26b6107c412a8
244f5e01-a3b4-4660-8f58-4a9815df5f5b,EaseMyTrip,ota,playwright_network,2026-09-20T07:09:34.975419Z,DEL,BOM,2026-09-27,2026-09-20,7,IX,,IX1081,15:25:00,21:55:00,ECONOMY,OTA_LISTED,,,,,,,,22075.00,INR,,,available,0.97,43741551f33d9e944981220666f2522b8bcae66b107300f9667482575a36f771,1.0.0,False,900458745dd3992398b5db8a555eb64b7eb10248eb399d0a87fb6c06a1ec8b53
bc556042-e593-4f7e-91ad-ca8915fb4240,EaseMyTrip,ota,playwright_network,2026-09-20T07:09:34.975419Z,DEL,BOM,2026-09-27,2026-09-20,7,IX,,IX1059,12:15:00,23:05:00,ECONOMY,OTA_LISTED,,,,,,,,22803.00,INR,,,available,0.97,87705c372d6af15686564761d731c84e70ea8ab133695357f948dfd914abcb31,1.0.0,False,20ae4cd6212091953d2e61dc408e894b3796d85ae7d93904764016c5a5b2b4c2
bed03edf-5d7f-47bb-acdc-bd6360421217,EaseMyTrip,ota,playwright_network,2026-09-20T07:09:34.975419Z,DEL,BOM,2026-09-27,2026-09-20,7,AI,,AI9757,11:50:00,16:40:00,ECONOMY,OTA_LISTED,,,,,,,,22366.00,INR,,,available,0.97,544d183918fcd04d4e7ca324941fb212594f6eb0395edc51bd35022803184ff7,1.0.0,False,8f6533d9b74eea152b0be5cb1ef792a01af9a01c79d2eba5d92c3619373e3e74
872cc8bf-c0db-4010-9c89-442e62a3c43e,EaseMyTrip,ota,playwright_network,2026-09-20T07:09:34.976419Z,DEL,BOM,2026-09-27,2026-09-20,7,IX,,IX1067,06:10:00,21:55:00,ECONOMY,OTA_LISTED,,,,,,,,22969.00,INR,,,available,0.97,5efb79b35b3ff66dfde877bb2c8a3eed80685c62c52022e5801a0a970d3100f1,1.0.0,False,c4c78f56b19b4caa6c5265ee2e21affcf7e914194befa73cbd4088f742019a01
47089282-83ab-4796-9a38-cac0aa9afad4,EaseMyTrip,ota,playwright_network,2026-09-20T07:09:34.976419Z,DEL,BOM,2026-09-27,2026-09-20,7,6E,,6E358,12:15:00,17:50:00,ECONOMY,OTA_LISTED,,,,,,,,25010.00,INR,,,available,0.97,57c31860cbff0406c89065e384d7d6dc69f3283d251c3eddb3ee6b62a5fd5605,1.0.0,False,5dffb53b78b572669a71d37c1cabcc2dcd43ac4cd435e676c26cfc6740aa5b09
b0023084-45ef-45ff-87d0-cf5d7aadfc53,EaseMyTrip,ota,playwright_network,2026-09-20T07:09:34.976419Z,DEL,BOM,2026-09-27,2026-09-20,7,IX,,IX1811,06:50:00,18:35:00,ECONOMY,OTA_LISTED,,,,,,,,26455.00,INR,,,available,0.97,a035d179742a559f1f51b63d061df9f3693442c9fd475e5a59dafed046c8e208,1.0.0,False,92122f72660e162f316ed3b6fd48ce61f6e76ea4dffecff834326fc436f84063
d5801590-0155-4f43-8504-b9cb79e525f2,EaseMyTrip,ota,playwright_network,2026-09-20T07:09:34.976419Z,DEL,BOM,2026-09-27,2026-09-20,7,IX,,IX1108,04:45:00,15:40:00,ECONOMY,OTA_LISTED,,,,,,,,26533.00,INR,,,available,0.97,b3aba4981501fe523d35363edccd2c41801ba2dd0f6736d57260acd93bfd9ca6,1.0.0,False,64e8784b1dd6ecd0cee7e53b608a88ff337df0f35f24e6a1f030129465921c85
0b83ada3-63f8-470e-9fee-0c0195fd0eb1,EaseMyTrip,ota,playwright_network,2026-09-20T07:09:34.976419Z,DEL,BOM,2026-09-27,2026-09-20,7,6E,,6E2496,12:40:00,18:55:00,ECONOMY,OTA_LISTED,,,,,,,,26045.00,INR,,,available,0.97,b441a766e7a72c2ccadd42324843f1a73c461b5f600994b6f631b8df82f01eac,1.0.0,False,9556e1b982d587a96f85620a4052b778679642892f6fe5480037072264181b82
d733afe6-e1fe-43d6-9626-6e610572df2b,EaseMyTrip,ota,playwright_network,2026-09-20T07:09:34.976419Z,DEL,BOM,2026-09-27,2026-09-20,7,AI,,AI1779,13:50:00,18:15:00,ECONOMY,OTA_LISTED,,,,,,,,26418.00,INR,,,available,0.97,9f97bd77292cf59fe5b660c7d12bc2d60bfd2bde3dba5e92c87a54d7fef5541d,1.0.0,False,e3ca566ba7e8c4102b98de88cbf607e72e0dacb58d585a01c9ffce20bcb350b2
747a8644-0a6a-4b0b-b80c-dc5a6250e00a,EaseMyTrip,ota,playwright_network,2026-09-20T07:09:34.976419Z,DEL,BOM,2026-09-27,2026-09-20,7,IX,,IX1068,11:55:00,19:50:00,ECONOMY,OTA_LISTED,,,,,,,,29159.00,INR,,,available,0.97,2013917c535336a93d449aec4defac4afea0462ed8010bce61164471c8aa46f6,1.0.0,False,7a33ccb8d1c182414ce8c5d8e4ff5284570c876224ce43e27e04669af80d5210
2fe0d480-c61c-4941-90b5-c273b75eae0a,EaseMyTrip,ota,playwright_network,2026-09-20T07:09:34.976419Z,DEL,BOM,2026-09-27,2026-09-20,7,AI,,AI1739,11:30:00,17:10:00,ECONOMY,OTA_LISTED,,,,,,,,30972.00,INR,,,available,0.97,da9ad91566e275ac1ee7df7ad46a027c4d4cbfc79874503a98324020e6d08de7,1.0.0,False,6735258794eb28a3d2247178a9715549a19fc729d15c44a77feb3edaf42a9d97
fc47e1a5-f4ad-4ae3-bd15-12e355058591,EaseMyTrip,ota,playwright_network,2026-09-20T07:09:34.976419Z,DEL,BOM,2026-09-27,2026-09-20,7,AI,,AI2761,16:25:00,21:35:00,ECONOMY,OTA_LISTED,,,,,,,,34550.00,INR,,,available,0.97,47a305fe59b85a42007532c6e7fffe1fe63b98ea4134e9caaaae3159a4c8f79a,1.0.0,False,2c995fff7ab81426a86900b99f5aa85555c6199c2191a6dccb7e35e7ae662465
09f059ae-7b52-47c8-9acc-41ea5e14adf7,EaseMyTrip,ota,playwright_network,2026-09-20T07:09:34.976419Z,DEL,BOM,2026-09-27,2026-09-20,7,IX,,IX1001,09:00:00,21:55:00,ECONOMY,OTA_LISTED,,,,,,,,35673.00,INR,,,available,0.97,1054bc71ca42ed475caaea7743633bf200486a1d3424b02939a6956ec17c3408,1.0.0,False,1e52db33d7e9ee11486ba35f4cd461e30a1e424f56df6ad2edabd1df5afcde74
f532f8c1-6438-487d-b8be-62887a2debb9,EaseMyTrip,ota,playwright_network,2026-09-20T07:09:34.976419Z,DEL,BOM,2026-09-27,2026-09-20,7,AI,,AI2907,11:55:00,17:25:00,ECONOMY,OTA_LISTED,,,,,,,,37320.00,INR,,,available,0.97,fa7ced3657ceb12b98a029e8685ec5f825cba82e0ed239e4610fcf82efc9de59,1.0.0,False,3834e580d190a17ea150f1f214f492146258328e1411316f956eff4c165edb75
bb5bb772-29d3-4ed6-96d3-c9d13a22ed5f,EaseMyTrip,ota,playwright_network,2026-09-20T07:09:34.976419Z,DEL,BOM,2026-09-27,2026-09-20,7,AI,,AI2627,10:45:00,16:30:00,ECONOMY,OTA_LISTED,,,,,,,,42557.00,INR,,,available,0.97,8466c3f4dedc783c6159c9ef1002fbe81a91205d1360194f16f538a3840122e2,1.0.0,False,584a85e183a42a03e5b9f7b817d7ee0bed9092b984bbb4e22f57bf1a6722187b
d5b8cea9-2c70-4823-859b-0d5ac1866aa9,AkasaAir,airline,playwright_network,2026-09-20T08:26:06.157971Z,DEL,BLR,2026-09-21,2026-09-20,1,QP,,QP1350,21:55:00,00:50:00,ECONOMY,EC,U2,7774.00,394.00,,300.00,,711.00,9179.00,INR,,,available,0.97,e92f53c2dee1877969a00bb7a0f7c1043e7f23ccde81421943a9d6eb8079b409,1.0.0,False,05102c27ef9700e2759c2d7f79bb1f127d91f078fceabbb576b305e7a270bea8
e8d971dc-f16b-4986-89e1-c4a74a7faf8c,AkasaAir,airline,playwright_network,2026-09-20T08:26:06.157971Z,DEL,BLR,2026-09-21,2026-09-20,1,QP,,QP1812,22:55:00,01:45:00,ECONOMY,EC,U2,7774.00,394.00,,300.00,,711.00,9179.00,INR,,,available,0.97,3518e6b96a3f9bb5a9f584d4abe6812aad897be092f65afc8676e9507d71b4c9,1.0.0,False,bade4b268af71a1974a016e17881691dcca63b24296029137e515b620f379164
83fa3054-88ce-405c-97b0-da021933017b,AkasaAir,airline,playwright_network,2026-09-20T08:26:06.158971Z,DEL,BLR,2026-09-21,2026-09-20,1,QP,,QP1308,20:55:00,23:50:00,ECONOMY,EC,T4,8249.00,418.00,,300.00,,711.00,9678.00,INR,,,available,0.97,1024a06e9001497754a63a390ba2ed2b58f5baa33e8bba63abc9e3b8672ceeec,1.0.0,False,5df5ec17634285e33cc58c206733ca6213413ecdf8b180f17dc1db03dc6b293b
8b2a1cde-77a9-45a5-94cb-6389d5d8be08,AkasaAir,airline,playwright_network,2026-09-20T08:26:06.158971Z,DEL,BLR,2026-09-21,2026-09-20,1,QP,,QP1824,20:10:00,23:10:00,ECONOMY,EC,T1,8754.00,444.00,,300.00,,711.00,10209.00,INR,,,available,0.97,a8d33ebff4ee850e84fb2b6e3710d5a2811b2af26fb0f785d80ab462db2abe74,1.0.0,False,035126f2ae6a779686b775cf7f313dbfea027da7e90fe85873ca7560d482c5ef
4b82b96f-74c9-46f1-b19f-8a688fbb9fda,AkasaAir,airline,playwright_network,2026-09-20T08:26:06.158971Z,DEL,BLR,2026-09-21,2026-09-20,1,QP,,QP1822,16:40:00,19:40:00,ECONOMY,EC,Q4,10056.00,508.00,,300.00,,711.00,11575.00,INR,,,available,0.97,cfca87e8d6fb3f9ee4e7b5ec9f69bae396cef1941c89b9562030e34b4301018d,1.0.0,False,a8332629d5b8c51f929d0d0e5f9004687d0ead30d5d6a002d04f711ea7da1f26
